[33mcommit b937facc925c950c419a1d1ed249f11e2a1ab11a[m[33m ([m[1;36mHEAD[m[33m -> [m[1;32mmain[m[33m, [m[1;32mdevelop[m[33m)[m
Author: yuliimelnk <yuliasokol99@gmail.com>
Date:   Sun Nov 23 23:22:54 2025 +0100

    changes created

[33mcommit 7e6faa0662f44e40a1c8842359e14bb8186f4f41[m
Author: yuliimelnk <yuliasokol99@gmail.com>
Date:   Sun Nov 23 23:12:49 2025 +0100

    new file created

[33mcommit 5b6e970b59574957335ed0eda49f7858e9adf0a8[m
Author: yuliimelnk <yuliasokol99@gmail.com>
Date:   Sun Nov 23 23:04:58 2025 +0100

    Changes recorded

[33mcommit aa4b078f09202204e21175f9542746fcb4f1507d[m
Author: yuliimelnk <yuliasokol99@gmail.com>
Date:   Sun Nov 23 22:59:52 2025 +0100

    Changes recorded

[33mcommit 225a927037ac23159132fd415973effe5eb4b125[m[33m ([m[1;31morigin/main[m[33m, [m[1;31morigin/HEAD[m[33m)[m
Author: yuliimelnk <yuliasokol99@gmail.com>
Date:   Sun Nov 23 22:17:23 2025 +0100

    Initial commit
